종목코드,탭코드,종목명,현재가,등락구분,전일비,등락률,순자산가치(NAV),3개월수익률,거래량,거래대금(백만),시가총액(억),유형,브랜드,인버스,레버리지,환헤지H
069500,1,KODEX 200,30640,5,-250,-0.81,30607.0,-14.4298,9784052,301620,47247,국내 시장지수,KODEX,False,False,False
371460,4,TIGER 차이나전기차SOLACTIVE,17700,2,700,4.12,17844.0,12.6573,13690582,238235,42388,해외 주식,TIGER,False,False,False
122630,3,KODEX 레버리지,14135,5,-185,-1.29,14147.0,-28.0583,57013787,815169,21909,국내 파생,KODEX,False,True,False
133690,4,TIGER 미국나스닥100,67055,2,955,1.44,67176.0,-15.3487,118882,7959,19929,해외 주식,TIGER,False,False,False
252670,3,KODEX 200선물인버스2X,3385,2,40,1.2,3386.0,34.3373,390559840,1305629,19779,국내 파생,KODEX,True,False,False
214980,6,KODEX 단기채권PLUS,103760,2,15,0.01,103770.0,-0.0241,548306,56897,18985,채권,KODEX,False,False,False
102110,1,TIGER 200,30725,5,-220,-0.71,30666.0,-14.4244,2772518,85635,18481,국내 시장지수,TIGER,False,False,False
157450,6,TIGER 단기통안채,100935,2,5,0.0,100937.0,0.2134,4575,461,18296,채권,TIGER,False,False,False
360750,4,TIGER 미국S&P500,12280,2,150,1.24,12315.0,-10.9333,2250721,27614,16302,해외 주식,TIGER,False,False,False
153130,6,KODEX 단기채권,103405,2,5,0.0,103414.0,0.058,5039635,521203,14516,채권,KODEX,False,False,False
292150,2,TIGER TOP10,9960,5,-65,-0.65,9953.0,-16.263,347841,3479,13775,국내 업종/테마,TIGER,False,False,False
273130,6,KODEX 종합채권(AA-이상)액티브,101030,2,310,0.31,100995.0,-4.9049,1794,181,13687,채권,KODEX,False,False,False
381180,4,TIGER 미국필라델피아반도체나스닥,9145,2,75,0.83,9176.0,-18.9238,1017025,9290,12780,해외 주식,TIGER,False,False,False
102780,2,KODEX 삼성그룹,8095,5,-80,-0.98,8090.0,-6.6888,572647,4668,12733,국내 업종/테마,KODEX,False,False,False
381170,4,TIGER 미국테크TOP10 INDXX,9870,2,155,1.6,9903.0,-18.0515,567614,5595,12732,해외 주식,TIGER,False,False,False
305720,2,KODEX 2차전지산업,17955,5,-825,-4.39,17952.0,4.5016,4499802,82795,12120,국내 업종/테마,KODEX,False,False,False
305540,2,TIGER 2차전지테마,18355,5,-985,-5.09,18348.0,3.917,3859860,72663,11720,국내 업종/테마,TIGER,False,False,False
310970,1,TIGER MSCI Korea TR,12495,5,-120,-0.95,12496.0,-14.1253,7088,89,11558,국내 시장지수,TIGER,False,False,False
278530,1,KODEX 200TR,10215,5,-80,-0.78,10193.0,-14.3511,99373,1022,10634,국내 시장지수,KODEX,False,False,False
423160,7,KODEX KOFR금리액티브(합성),100260,2,5,0.0,100257.0,,1466,146,10222,기타,KODEX,False,False,False
148020,1,KBSTAR 200,30785,5,-150,-0.48,30711.0,-14.8383,835207,25804,10144,국내 시장지수,KBSTAR,False,False,False
114800,3,KODEX 인버스,5060,2,35,0.7,5062.0,16.3194,60215412,302568,8840,국내 파생,KODEX,True,False,False
233740,3,KODEX 코스닥150레버리지,7505,5,-475,-5.95,7483.0,-33.1939,47523187,371663,8165,국내 파생,KODEX,False,True,False
394670,4,TIGER 글로벌리튬&2차전지SOLACTIVE(합성),10785,2,215,2.03,10821.0,3.831,380382,4053,7148,해외 주식,TIGER,False,False,False
139260,2,TIGER 200 IT,26825,5,-230,-0.85,26746.0,-17.9729,352499,9511,6969,국내 업종/테마,TIGER,False,False,False
091180,2,KODEX 자동차,16740,5,-75,-0.45,16748.0,-3.9802,572447,9649,6353,국내 업종/테마,KODEX,False,False,False
278540,1,KODEX MSCI Korea TR,9950,5,-95,-0.95,9951.0,-13.9246,222054,2221,6318,국내 시장지수,KODEX,False,False,False
152100,1,ARIRANG 200,31135,5,-215,-0.69,31060.0,-14.5544,259439,8100,5978,국내 시장지수,ARIRANG,False,False,False
293180,1,HANARO 200,30750,5,-210,-0.68,30686.0,-14.4161,62074,1915,5781,국내 시장지수,HANARO,False,False,False
357870,7,TIGER CD금리투자KIS(합성),50925,2,10,0.02,50929.0,0.4141,14,0,5615,기타,TIGER,False,False,False
272580,6,TIGER 단기채권액티브,50520,2,5,0.01,50523.0,0.1784,3747,189,5396,채권,TIGER,False,False,False
229200,1,KODEX 코스닥150,10265,5,-350,-3.3,10347.0,-17.4316,15724946,164848,5343,국내 시장지수,KODEX,False,False,False
360200,4,KINDEX 미국S&P500,12380,2,160,1.31,12416.0,-10.894,65204,806,5249,해외 주식,KINDEX,False,False,False
196230,6,KBSTAR 단기통안채,105235,2,10,0.01,105231.0,0.157,10728,1128,5190,채권,KBSTAR,False,False,False
294400,1,KOSEF 200TR,37125,5,-270,-0.72,37048.0,-14.4084,5789,215,5012,국내 시장지수,KOSEF,False,False,False
105190,1,KINDEX 200,30755,5,-205,-0.66,30665.0,-14.4988,287207,8863,4813,국내 시장지수,KINDEX,False,False,False
190620,6,KINDEX 단기통안채,100585,2,15,0.01,100577.0,0.2242,920,92,4334,채권,KINDEX,False,False,False
251350,4,KODEX 선진국MSCI World,18880,2,360,1.94,18852.0,-11.578,17651,332,4295,해외 주식,KODEX,False,False,False
364980,2,TIGER KRX2차전지K-뉴딜,13425,5,-315,-2.29,13449.0,4.4311,1362932,18577,4168,국내 업종/테마,TIGER,False,False,False
315930,2,KODEX Top5PlusTR,14800,5,-95,-0.64,14785.0,-17.6162,15595,231,4070,국내 업종/테마,KODEX,False,False,False
379800,4,KODEX 미국S&P500TR,10820,2,135,1.26,10859.0,-10.9955,108924,1178,4063,해외 주식,KODEX,False,False,False
371160,4,TIGER 차이나항셍테크,6685,2,145,2.22,6715.0,7.1253,1186942,7864,4024,해외 주식,TIGER,False,False,False
385550,6,KBSTAR KIS단기종합채권(AA-이상)액티브,100820,5,-10,-0.01,100825.0,0.1141,85417,8613,3991,채권,KBSTAR,False,False,False
385540,6,KBSTAR KIS종합채권(A-이상)액티브,93435,2,165,0.18,93456.0,-4.4218,4,0,3893,채권,KBSTAR,False,False,False
314250,4,KODEX 미국FANG플러스(H),19315,2,295,1.55,19280.0,-24.6285,49567,954,3772,해외 주식,KODEX,False,False,True
367380,4,KINDEX 미국나스닥100,11535,2,170,1.5,11541.0,-15.3067,99732,1147,3749,해외 주식,KINDEX,False,False,False
251340,3,KODEX 코스닥150선물인버스,5480,2,175,3.3,5492.0,18.2831,131286036,703527,3743,국내 파생,KODEX,True,False,False
069660,1,KOSEF 200,30615,5,-230,-0.75,30563.0,-14.5379,359348,11042,3658,국내 시장지수,KOSEF,False,False,False
148070,6,KOSEF 국고채10년,107610,2,155,0.14,107751.0,-6.3124,6062,654,3648,채권,KOSEF,False,False,False
329750,6,TIGER 미국달러단기채권액티브,11100,2,25,0.23,11108.0,6.5928,169828,1884,3336,채권,TIGER,False,False,False
379810,4,KODEX 미국나스닥100TR,9865,2,135,1.39,9890.0,-15.3914,113614,1118,3265,해외 주식,KODEX,False,False,False
226490,1,KODEX 코스피,23430,5,-290,-1.22,23445.0,-13.2724,149060,3518,2812,국내 시장지수,KODEX,False,False,False
400970,2,TIGER Fn메타버스,7540,5,-250,-3.21,7552.0,-32.2432,1145926,8832,2722,국내 업종/테마,TIGER,False,False,False
401470,2,KODEX K-메타버스액티브,7605,5,-210,-2.69,7618.0,-29.9606,1121371,8689,2719,국내 업종/테마,KODEX,False,False,False
217770,5,TIGER 원유선물인버스(H),2975,2,15,0.51,2974.0,-3.268,4260647,12761,2664,원자재,TIGER,True,False,True
414780,4,TIGER 차이나과창판STAR50(합성),8385,2,135,1.64,8561.0,-4.8443,76963,637,2583,해외 주식,TIGER,False,False,False
367770,2,KBSTAR Fn수소경제테마,8870,5,-185,-2.04,8875.0,-10.0438,123186,1103,2572,국내 업종/테마,KBSTAR,False,False,False
143850,4,TIGER 미국S&P500선물(H),44040,2,430,0.99,44042.0,-16.5439,25560,1123,2532,해외 주식,TIGER,False,False,True
329200,2,TIGER 리츠부동산인프라,5605,5,-95,-1.67,5604.0,-5.2842,828779,4653,2519,국내 업종/테마,TIGER,False,False,False
332940,1,HANARO MSCI Korea TR,12460,5,-150,-1.19,12486.0,-14.1009,56,0,2504,국내 시장지수,HANARO,False,False,False
271050,5,KODEX WTI원유선물인버스(H),4265,2,10,0.24,4263.0,-2.7429,7550148,32475,2469,원자재,KODEX,True,False,True
290130,2,KBSTAR ESG사회책임투자,10180,5,-135,-1.31,10180.0,-15.2216,82295,839,2387,국내 업종/테마,KBSTAR,False,False,False
213610,2,KODEX 삼성그룹밸류,7875,5,-75,-0.94,7868.0,-7.4721,55748,442,2363,국내 업종/테마,KODEX,False,False,False
364960,2,TIGER KRX BBIG K-뉴딜,7525,2,15,0.2,7524.0,-17.4726,589518,4466,2314,국내 업종/테마,TIGER,False,False,False
394660,4,TIGER 글로벌자율주행&전기차SOLACTIVE,9345,2,125,1.36,9339.0,-12.1905,58926,547,2306,해외 주식,TIGER,False,False,False
397410,6,KBSTAR 국채선물5년추종인버스,54045,5,-60,-0.11,54173.0,4.1983,58,3,2212,채권,KBSTAR,True,False,False
379780,4,KBSTAR 미국S&P500,10705,2,135,1.28,10728.0,-10.8769,30640,327,2162,해외 주식,KBSTAR,False,False,False
368590,4,KBSTAR 미국나스닥100,11170,2,150,1.36,11193.0,-15.387,92486,1029,2122,해외 주식,KBSTAR,False,False,False
192090,4,TIGER 차이나CSI300,11010,2,120,1.1,11132.0,2.0618,102775,1123,2059,해외 주식,TIGER,False,False,False
091170,2,KODEX 은행,6335,5,-130,-2.01,6353.0,-14.4389,1612076,10379,1986,국내 업종/테마,KODEX,False,False,False
168580,4,KINDEX 중국본토CSI300,30040,2,865,2.96,29980.0,1.7791,19206,573,1983,해외 주식,KINDEX,False,False,False
132030,5,KODEX 골드선물(H),12305,2,50,0.41,12313.0,-6.4147,62777,772,1944,원자재,KODEX,False,False,True
091160,2,KODEX 반도체,26900,5,-2030,-7.02,26889.0,-19.979,624890,17088,1937,국내 업종/테마,KODEX,False,False,False
228800,2,TIGER 여행레저,3805,5,-165,-4.16,3802.0,-22.2332,774624,3008,1790,국내 업종/테마,TIGER,False,False,False
182480,7,TIGER 미국MSCI리츠(합성 H),12780,2,285,2.28,12827.0,-18.408,69680,887,1693,기타,TIGER,False,False,True
325020,2,KODEX 배당가치,11090,5,-155,-1.38,11082.0,-10.9378,2548,28,1675,국내 업종/테마,KODEX,False,False,False
245710,4,KINDEX 베트남VN30(합성),19825,2,15,0.08,20080.0,-15.1606,34305,678,1645,해외 주식,KINDEX,False,False,False
412770,4,TIGER 글로벌메타버스액티브,6475,2,60,0.94,6525.0,-24.2622,80922,523,1641,해외 주식,TIGER,False,False,False
275980,4,TIGER 글로벌4차산업혁신기술(합성 H),14020,2,210,1.52,14048.0,-19.0979,11262,157,1626,해외 주식,TIGER,False,False,True
302450,1,KBSTAR 코스피,23605,5,-270,-1.13,23610.0,-13.5372,1913,45,1582,국내 시장지수,KBSTAR,False,False,False
372330,4,KODEX 차이나항셍테크,6720,2,130,1.97,6731.0,7.6797,264457,1759,1579,해외 주식,KODEX,False,False,False
329650,7,KODEX TRF3070,10555,2,40,0.38,10542.0,-7.1524,23604,248,1509,기타,KODEX,False,False,False
401170,2,KBSTAR iSelect메타버스,6830,5,-215,-3.05,6832.0,-33.4436,159276,1107,1496,국내 업종/테마,KBSTAR,False,False,False
130730,6,KOSEF 단기자금,101340,2,10,0.01,101333.0,0.1185,3273,331,1480,채권,KOSEF,False,False,False
326240,2,KBSTAR IT플러스,15465,5,-190,-1.21,15462.0,-19.9765,11328,176,1460,국내 업종/테마,KBSTAR,False,False,False
407310,1,HANARO 200 TOP10,7520,5,-10,-0.13,7535.0,-10.9193,62,0,1451,국내 시장지수,HANARO,False,False,False
390950,6,HANARO 단기채권액티브,100755,2,15,0.01,100759.0,0.2039,372766,37567,1451,채권,HANARO,False,False,False
409820,4,KODEX 미국나스닥100레버리지(합성 H),4620,2,100,2.21,4637.0,-39.4913,1232114,5684,1451,해외 주식,KODEX,False,True,True
282000,3,KBSTAR 국고채3년선물인버스,104860,2,10,0.01,104997.0,2.9556,33,3,1431,국내 파생,KBSTAR,True,False,False
161510,2,ARIRANG 고배당주,11115,5,-185,-1.64,11110.0,-8.1898,111446,1246,1424,국내 업종/테마,ARIRANG,False,False,False
143860,2,TIGER 헬스케어,26940,5,-165,-0.61,27105.0,-14.9781,106936,2924,1374,국내 업종/테마,TIGER,False,False,False
219480,4,KODEX 미국S&P500선물(H),18055,2,190,1.06,18058.0,-16.9843,22672,409,1291,해외 주식,KODEX,False,False,True
252710,3,TIGER 200선물인버스2X,3540,2,45,1.29,3541.0,34.423,15983270,55963,1274,국내 파생,TIGER,True,False,False
138540,2,TIGER 현대차그룹+펀더멘털,20725,5,-195,-0.93,20749.0,-3.5412,14855,309,1227,국내 업종/테마,TIGER,False,False,False
283580,4,KODEX 차이나CSI300,13590,2,260,1.95,13608.0,2.1455,152015,2034,1223,해외 주식,KODEX,False,False,False
328370,1,ARIRANG 코스피TR,11925,5,-145,-1.2,11958.0,-13.4457,960,11,1222,국내 시장지수,ARIRANG,False,False,False
295040,1,SOL 200TR,10625,5,-100,-0.93,10602.0,-14.2686,18801,201,1211,국내 시장지수,SOL,False,False,False
232080,1,TIGER 코스닥150,10530,5,-370,-3.39,10595.0,-17.3554,412798,4401,1203,국내 시장지수,TIGER,False,False,False
415340,4,KODEX 차이나과창판STAR50(합성),8280,2,35,0.42,8701.0,-6.0399,9231,76,1159,해외 주식,KODEX,False,False,False
363570,6,KODEX 장기종합채권(AA-이상)액티브KAP,85225,2,820,0.97,84723.0,-7.9654,362,30,1157,채권,KODEX,False,False,False
273140,6,KODEX 단기변동금리부채권액티브,103595,5,-15,-0.01,103597.0,0.3146,406,42,1148,채권,KODEX,False,False,False
309230,4,KINDEX 미국WideMoat가치주,16565,2,250,1.53,16636.0,-9.9614,13328,219,1143,해외 주식,KINDEX,False,False,False
363510,6,SOL KIS단기통안채,100980,3,0,0.0,101009.0,0.1636,0,0,1134,채권,SOL,False,False,False
204480,4,TIGER 차이나CSI300레버리지(합성),26495,2,1090,4.29,27073.0,-0.7618,326426,8578,1129,해외 주식,TIGER,False,True,False
091230,2,TIGER 반도체,27490,5,-410,-1.47,27546.0,-24.6842,205929,5756,1127,국내 업종/테마,TIGER,False,False,False
114260,6,KODEX 국고채3년,55685,2,30,0.05,55670.0,-2.488,15530,865,1125,채권,KODEX,False,False,False
411420,4,KODEX 미국메타버스나스닥액티브,6450,2,85,1.34,6480.0,-23.1281,221147,1423,1116,해외 주식,KODEX,False,False,False
332930,1,HANARO 200TR,37170,5,-270,-0.72,37102.0,-14.4425,127085,4735,1115,국내 시장지수,HANARO,False,False,False
270810,1,KBSTAR 코스닥150,10180,5,-405,-3.83,10284.0,-18.1805,88743,929,1069,국내 시장지수,KBSTAR,False,False,False
385560,6,KBSTAR KIS국고채30년Enhanced,71365,2,380,0.54,71879.0,-18.879,19084,1375,1063,채권,KBSTAR,False,False,False
150460,2,TIGER 중국소비테마,6450,5,-125,-1.9,6456.0,-13.827,52481,347,1060,국내 업종/테마,TIGER,False,False,False
228810,2,TIGER 미디어컨텐츠,6100,5,-255,-4.01,6095.0,-33.1897,262041,1643,1060,국내 업종/테마,TIGER,False,False,False
261220,5,KODEX WTI원유선물(H),17905,5,-65,-0.36,17904.0,-3.0483,253666,4504,1052,원자재,KODEX,False,False,True
245360,4,TIGER 차이나HSCEI,10195,2,155,1.54,10230.0,6.5251,14832,150,1050,해외 주식,TIGER,False,False,False
417630,2,TIGER KEDI혁신기업ESG30,8670,5,-35,-0.4,8668.0,-16.0964,290551,2551,1006,국내 업종/테마,TIGER,False,False,False
395170,2,KODEX Fn Top10동일가중,7035,5,-15,-0.21,7031.0,-9.3131,2011,14,985,국내 업종/테마,KODEX,False,False,False
365780,6,KINDEX 국고채10년,85525,2,80,0.09,85657.0,-6.156,829,71,970,채권,KINDEX,False,False,False
400570,4,KODEX 유럽탄소배출권선물ICE(H),12935,5,-275,-2.08,12968.0,5.2589,55927,723,938,해외 주식,KODEX,False,False,True
261240,7,KODEX 미국달러선물,11505,2,45,0.39,11517.0,6.4066,112965,1298,934,기타,KODEX,False,False,False
305080,6,TIGER 미국채10년선물,11850,2,110,0.94,11861.0,0.5136,55051,652,912,채권,TIGER,False,False,False
419430,4,KODEX 차이나2차전지MSCI(합성),11820,2,265,2.29,12118.0,15.4345,103839,1213,910,해외 주식,KODEX,False,False,False
245340,4,TIGER 미국다우존스30,19880,2,270,1.38,19938.0,-6.9558,7226,143,907,해외 주식,TIGER,False,False,False
414270,4,KINDEX G2전기차&자율주행액티브,9815,2,170,1.76,9970.0,-3.9821,253415,2467,893,해외 주식,KINDEX,False,False,False
304940,4,KODEX 미국나스닥100선물(H),14520,2,135,0.94,14546.0,-20.9181,53031,769,893,해외 주식,KODEX,False,False,True
123310,3,TIGER 인버스,5635,2,35,0.63,5636.0,16.6666,1573044,8813,834,국내 파생,TIGER,True,False,False
367760,2,KBSTAR Fn5G테크,7400,5,-180,-2.37,7414.0,-21.1239,12643,95,825,국내 업종/테마,KBSTAR,False,False,False
277630,1,TIGER 코스피,23785,5,-290,-1.2,23791.0,-13.3027,9867,236,821,국내 시장지수,TIGER,False,False,False
144600,5,KODEX 은선물(H),4315,5,-5,-0.12,4320.0,-17.0826,93585,403,820,원자재,KODEX,False,False,True
278240,3,KBSTAR 코스닥150선물레버리지,8030,5,-610,-7.06,8007.0,-32.6316,36880,306,812,국내 파생,KBSTAR,False,True,False
272560,6,KBSTAR 단기국공채액티브,102220,5,-55,-0.05,102220.0,-0.3605,495,50,802,채권,KBSTAR,False,False,False
397420,6,KBSTAR 국채선물5년추종,46665,5,-20,-0.04,46592.0,-3.633,1003,46,792,채권,KBSTAR,False,False,False
139220,2,TIGER 200 건설,2315,5,-90,-3.74,2314.0,-21.6102,727291,1710,783,국내 업종/테마,TIGER,False,False,False
395750,2,ARIRANG ESG가치주액티브,7315,5,-145,-1.94,7344.0,-13.427,282,2,768,국내 업종/테마,ARIRANG,False,False,False
364970,2,TIGER KRX바이오K-뉴딜,6200,2,30,0.49,6224.0,-13.7063,914777,5720,760,국내 업종/테마,TIGER,False,False,False
298340,6,ARIRANG 국채선물3년,51370,5,-15,-0.03,51309.0,-2.8823,19,0,752,채권,ARIRANG,False,False,False
337160,2,KODEX 200ESG,11260,5,-105,-0.92,11258.0,-14.0318,392,4,743,국내 업종/테마,KODEX,False,False,False
267770,3,TIGER 200선물레버리지,10705,5,-150,-1.38,10712.0,-27.8258,648528,7010,739,국내 파생,TIGER,False,True,False
139280,2,TIGER 경기방어,9125,2,70,0.77,9137.0,-9.0499,3860,35,728,국내 업종/테마,TIGER,False,False,False
174360,4,KBSTAR 중국본토대형주CSI100,20100,2,280,1.41,20267.0,2.1649,2452,48,724,해외 주식,KBSTAR,False,False,False
322400,2,HANARO e커머스,12670,5,-55,-0.43,12673.0,-23.1815,10713,136,716,국내 업종/테마,HANARO,False,False,False
325010,2,KODEX Fn성장,12690,5,-150,-1.17,12692.0,-17.2894,129,1,698,국내 업종/테마,KODEX,False,False,False
363580,2,KODEX 200IT TR,10160,5,-125,-1.22,10163.0,-17.7858,565,5,681,국내 업종/테마,KODEX,False,False,False
195980,4,ARIRANG 신흥국MSCI(합성 H),9430,5,-40,-0.42,9416.0,-11.3711,12769,119,677,해외 주식,ARIRANG,False,False,True
139230,2,TIGER 200 중공업,2825,5,-60,-2.08,2828.0,-9.1339,1011139,2907,671,국내 업종/테마,TIGER,False,False,False
114820,6,TIGER 국채3년,104950,5,-30,-0.03,104940.0,-2.4132,546,57,661,채권,TIGER,False,False,False
396510,4,TIGER 차이나클린에너지SOLACTIVE,10280,2,105,1.03,10318.0,3.457,78760,801,654,해외 주식,TIGER,False,False,False
402970,4,KINDEX 미국고배당S&P,10140,2,70,0.7,10162.0,-3.8756,17311,175,649,해외 주식,KINDEX,False,False,False
298770,4,KODEX 한국대만IT프리미어,16390,5,-315,-1.89,16292.0,-13.4008,2717,44,639,해외 주식,KODEX,False,False,False
152870,1,파워 200,31095,5,-180,-0.58,31010.0,-14.5235,108,3,637,국내 시장지수,파워,False,False,False
371470,4,TIGER 차이나바이오테크SOLACTIVE,7950,2,105,1.34,8016.0,-4.0367,28575,225,636,해외 주식,TIGER,False,False,False
157490,2,TIGER 소프트웨어,10040,5,-5,-0.05,10035.0,-29.1558,75681,763,633,국내 업종/테마,TIGER,False,False,False
385510,2,KODEX K-신재생에너지액티브,9695,5,-380,-3.77,9699.0,-4.4118,41191,407,630,국내 업종/테마,KODEX,False,False,False
390390,4,KODEX 미국반도체MV,9205,2,45,0.49,9265.0,-17.5147,38379,352,617,해외 주식,KODEX,False,False,False
266160,2,KBSTAR 고배당,10810,5,-120,-1.1,10808.0,-11.1744,4368,47,616,국내 업종/테마,KBSTAR,False,False,False
391600,4,KINDEX 미국친환경그린테마INDXX,9470,2,90,0.96,9577.0,-6.9445,12666,120,597,해외 주식,KINDEX,False,False,False
200250,4,KOSEF 인도Nifty50(합성),16980,2,90,0.53,17066.0,-8.2813,11646,197,594,해외 주식,KOSEF,False,False,False
195930,4,TIGER 유로스탁스50(합성 H),11885,5,-15,-0.13,12027.0,-9.8485,4905,58,594,해외 주식,TIGER,False,False,True
228790,2,TIGER 화장품,2050,5,-45,-2.15,2048.0,-23.8182,1259156,2611,592,국내 업종/테마,TIGER,False,False,False
225040,4,TIGER 미국S&P500레버리지(합성 H),22410,2,280,1.27,22593.0,-32.0019,13522,303,592,해외 주식,TIGER,False,True,True
117700,2,KODEX 건설,2540,5,-110,-4.15,2542.0,-23.0323,770357,1990,589,국내 업종/테마,KODEX,False,False,False
302190,6,TIGER 중장기국채,47780,2,25,0.05,47819.0,-4.3466,557,26,583,채권,TIGER,False,False,False
423920,4,TIGER 미국필라델피아반도체레버리지(합성),7945,2,150,1.92,7978.0,,73199,578,579,해외 주식,TIGER,False,True,False
385520,2,KODEX K-미래차액티브,8890,5,-210,-2.31,8913.0,-10.5476,72002,645,573,국내 업종/테마,KODEX,False,False,False
388280,2,KBSTAR Fn컨택트대표,7560,5,-185,-2.39,7582.0,-17.8075,8424,64,565,국내 업종/테마,KBSTAR,False,False,False
256750,4,KODEX 차이나심천ChiNext(합성),12950,2,400,3.19,13054.0,1.0873,32110,409,544,해외 주식,KODEX,False,False,False
099140,4,KODEX 차이나H,17535,2,340,1.98,17618.0,6.011,7819,135,544,해외 주식,KODEX,False,False,False
354350,4,HANARO 글로벌럭셔리S&P(합성),14945,2,70,0.47,14985.0,-12.8844,5564,83,540,해외 주식,HANARO,False,False,False
387270,4,TIGER 글로벌BBIG액티브,9705,2,105,1.09,9735.0,-10.9875,13364,129,528,해외 주식,TIGER,False,False,False
396500,2,TIGER Fn반도체TOP10,7065,5,-105,-1.46,7060.0,-23.6585,179261,1278,526,국내 업종/테마,TIGER,False,False,False
204450,4,KODEX 차이나H레버리지(H),2995,2,65,2.22,3008.0,-3.1405,311131,922,524,해외 주식,KODEX,False,True,True
422420,2,KBSTAR 2차전지액티브,9120,5,-415,-4.35,9111.0,,406401,3790,522,국내 업종/테마,KBSTAR,False,False,False
310960,1,TIGER 200TR,16650,5,-115,-0.69,16606.0,-14.508,3819,63,516,국내 시장지수,TIGER,False,False,False
419890,6,히어로즈 단기채권ESG액티브,99665,2,35,0.04,99641.0,-0.5739,2,0,498,채권,히어로즈,False,False,False
122260,6,KOSEF 통안채1년,100900,3,0,0.0,100877.0,-0.4047,3,0,494,채권,KOSEF,False,False,False
387280,2,TIGER 퓨처모빌리티액티브,8705,5,-375,-4.13,8704.0,-11.3715,19883,176,491,국내 업종/테마,TIGER,False,False,False
256440,4,KINDEX 인도네시아MSCI(합성),9985,2,10,0.1,10255.0,-2.2059,23233,230,469,해외 주식,KINDEX,False,False,False
400590,4,SOL 글로벌탄소배출권선물IHS(합성),12345,5,-220,-1.75,12466.0,8.5998,16055,198,469,해외 주식,SOL,False,False,False
152380,6,KODEX 국채선물10년,61800,2,10,0.02,61604.0,-6.2652,6690,414,464,채권,KODEX,False,False,False
315960,2,KBSTAR 대형고배당10TR,13125,5,-135,-1.02,13125.0,-12.8492,1183,15,453,국내 업종/테마,KBSTAR,False,False,False
371450,4,TIGER 글로벌클라우드컴퓨팅INDXX,7790,2,240,3.18,7811.0,-19.8514,6573,50,449,해외 주식,TIGER,False,False,False
276970,4,KODEX 미국S&P고배당커버드콜(합성 H),8950,2,40,0.45,8963.0,-9.991,39178,352,448,해외 주식,KODEX,False,False,True
261260,7,KODEX 미국달러선물인버스2X,7270,5,-45,-0.62,7260.0,-12.3953,292997,2132,440,기타,KODEX,True,False,False
136340,6,KBSTAR 중기우량회사채,101270,5,-30,-0.03,101279.0,-2.3474,1217,123,435,채권,KBSTAR,False,False,False
269540,4,ARIRANG 미국S&P500(H),15900,2,130,0.82,15921.0,-15.4651,10703,170,429,해외 주식,ARIRANG,False,False,True
341850,7,TIGER 리츠부동산인프라채권TR KIS,5380,5,-40,-0.74,5371.0,-5.3771,4677,25,428,기타,TIGER,False,False,False
368190,2,HANARO Fn K-뉴딜디지털플러스,8375,5,-45,-0.53,8372.0,-11.5454,2921,24,427,국내 업종/테마,HANARO,False,False,False
252420,3,KBSTAR 200선물인버스2X,3365,2,55,1.66,3365.0,32.9317,751213,2497,421,국내 파생,KBSTAR,True,False,False
225800,7,KOSEF 미국달러선물레버리지,11505,2,75,0.66,11518.0,13.1123,7379,84,419,기타,KOSEF,False,True,False
418660,4,TIGER 미국나스닥100레버리지(합성),7755,2,205,2.72,7786.0,-30.7658,1765744,13660,415,해외 주식,TIGER,False,True,False
137610,5,TIGER 농산물선물Enhanced(H),8095,5,-250,-3.0,8225.0,-0.6548,137285,1121,413,원자재,TIGER,False,False,True
233160,3,TIGER 코스닥150 레버리지,8110,5,-620,-7.1,8089.0,-32.1679,492344,4160,410,국내 파생,TIGER,False,True,False
361580,1,KBSTAR 200TR,16080,5,-110,-0.68,16050.0,-14.384,24238,391,402,국내 시장지수,KBSTAR,False,False,False
385720,1,TIMEFOLIO Kstock액티브,7835,5,-145,-1.82,7811.0,-16.9183,40472,317,400,국내 시장지수,TIMEFOLIO,False,False,False
117680,2,KODEX 철강,7220,5,-275,-3.67,7238.0,-15.6634,331415,2420,394,국내 업종/테마,KODEX,False,False,False
241180,4,TIGER 일본니케이225,14820,2,95,0.65,14878.0,-9.1891,783,11,391,해외 주식,TIGER,False,False,False
411060,5,KINDEX KRX금현물,11075,2,65,0.59,11050.0,0.1819,35529,393,388,원자재,KINDEX,False,False,False
356540,6,KINDEX 종합채권(AA-이상)KIS액티브,91685,2,245,0.27,91647.0,-4.6656,2,0,386,채권,KINDEX,False,False,False
203780,4,TIGER 미국나스닥바이오,17475,2,540,3.19,17482.0,-8.286,8774,152,384,해외 주식,TIGER,False,False,False
130680,5,TIGER 원유선물Enhanced(H),5430,5,-20,-0.37,5435.0,-1.6246,452745,2421,380,원자재,TIGER,False,False,True
123320,3,TIGER 레버리지,13565,5,-190,-1.38,13515.0,-27.6434,186927,2564,380,국내 파생,TIGER,False,True,False
138230,7,KOSEF 미국달러선물,13645,2,45,0.33,13658.0,6.5413,7519,102,379,기타,KOSEF,False,False,False
102970,2,KODEX 증권,5830,5,-75,-1.27,5830.0,-19.5505,96656,568,373,국내 업종/테마,KODEX,False,False,False
359210,1,KODEX 코스피TR,10945,5,-125,-1.13,10930.0,-13.0401,1190,13,372,국내 시장지수,KODEX,False,False,False
300640,2,KBSTAR 게임테마,11050,5,-495,-4.29,11048.0,-31.1035,73665,831,365,국내 업종/테마,KBSTAR,False,False,False
407830,4,에셋플러스 글로벌플랫폼액티브,5695,2,65,1.15,5741.0,-26.0184,21415,121,364,해외 주식,에셋플러스,False,False,False
114460,6,KINDEX 국고채3년,101160,2,220,0.22,101157.0,-2.7,22,2,364,채권,KINDEX,False,False,False
394350,4,KOSEF 릭소글로벌퓨처모빌리티MSCI,9535,5,-65,-0.68,9696.0,-9.0048,3914,37,362,해외 주식,KOSEF,False,False,False
244580,2,KODEX 바이오,7830,5,-300,-3.69,7936.0,-20.9913,78164,623,357,국내 업종/테마,KODEX,False,False,False
292190,1,KODEX KRX300,14100,5,-125,-0.88,14103.0,-15.1203,8478,120,353,국내 시장지수,KODEX,False,False,False
114470,6,KOSEF 국고채3년,106560,2,55,0.05,106533.0,-2.5314,712,75,352,채권,KOSEF,False,False,False
261270,7,KODEX 미국달러선물인버스,8805,5,-25,-0.28,8794.0,-6.1637,101618,894,350,기타,KODEX,True,False,False
365000,2,TIGER KRX인터넷K-뉴딜,5520,5,-90,-1.6,5526.0,-38.9488,57915,322,348,국내 업종/테마,TIGER,False,False,False
279530,2,KODEX 고배당,8905,5,-195,-2.14,8936.0,-8.6071,24299,218,347,국내 업종/테마,KODEX,False,False,False
284430,6,KODEX 200미국채혼합,11860,2,25,0.21,11868.0,-6.2203,26133,311,332,채권,KODEX,False,False,False
108450,2,KINDEX 삼성그룹섹터가중,13500,5,-115,-0.84,13498.0,-7.4314,13009,176,324,국내 업종/테마,KINDEX,False,False,False
376410,2,TIGER 탄소효율그린뉴딜,7470,5,-90,-1.19,7474.0,-14.932,40668,307,321,국내 업종/테마,TIGER,False,False,False
336160,6,KBSTAR 금융채액티브,98990,5,-55,-0.06,98971.0,-2.534,6,0,317,채권,KBSTAR,False,False,False
404260,2,KODEX KRX기후변화솔루션,8230,5,-205,-2.43,8237.0,-3.6441,1755,14,313,국내 업종/테마,KODEX,False,False,False
219390,4,KBSTAR 미국S&P원유생산기업(합성 H),5625,5,-170,-2.93,5777.0,0.695,185997,1040,307,해외 주식,KBSTAR,False,False,True
332500,1,KINDEX 200TR,19075,5,-180,-0.93,19023.0,-14.1935,627,12,305,국내 시장지수,KINDEX,False,False,False
266360,2,KODEX 미디어&엔터테인먼트,14400,5,-115,-0.79,14446.0,-29.4464,5497,80,302,국내 업종/테마,KODEX,False,False,False
227540,2,TIGER 200 헬스케어,17140,5,-15,-0.09,17144.0,-13.5115,4736,81,302,국내 업종/테마,TIGER,False,False,False
169950,4,KODEX 차이나A50,21415,2,330,1.57,21661.0,4.0977,7122,151,300,해외 주식,KODEX,False,False,False
404540,2,TIGER KRX기후변화솔루션,8280,5,-175,-2.07,8283.0,-4.3444,2120,17,298,국내 업종/테마,TIGER,False,False,False
381560,2,HANARO Fn전기&수소차,7495,5,-245,-3.17,7492.0,-4.4445,13900,105,292,국내 업종/테마,HANARO,False,False,False
304780,3,HANARO 200선물레버리지,15500,5,-200,-1.27,15502.0,-27.8659,1235,19,287,국내 파생,HANARO,False,True,False
326230,2,KBSTAR 내수주플러스,7780,5,-55,-0.7,7782.0,-14.3997,1777,13,286,국내 업종/테마,KBSTAR,False,False,False
248270,4,TIGER S&P글로벌헬스케어(합성),18535,2,535,2.97,18510.0,-5.6851,5041,93,278,해외 주식,TIGER,False,False,False
266370,2,KODEX IT,15445,5,-295,-1.87,15431.0,-17.0313,2980,46,278,국내 업종/테마,KODEX,False,False,False
210780,2,TIGER 코스피고배당,12980,5,-250,-1.89,12976.0,-11.9058,5802,75,273,국내 업종/테마,TIGER,False,False,False
304660,6,KODEX 미국채울트라30년선물(H),9645,2,105,1.1,9631.0,-13.8601,30922,298,270,채권,KODEX,False,False,True
332620,6,ARIRANG 미국장기우량회사채,88000,2,50,0.06,88425.0,-5.6382,213,18,264,채권,ARIRANG,False,False,False
139270,2,TIGER 200 금융,6030,5,-80,-1.31,6028.0,-12.7019,11963,72,260,국내 업종/테마,TIGER,False,False,False
239660,6,ARIRANG 우량회사채50 1년,108370,2,35,0.03,108353.0,-0.4915,253,27,260,채권,ARIRANG,False,False,False
287180,4,ARIRANG 미국나스닥테크,19225,2,220,1.16,19234.0,-17.9582,8102,155,260,해외 주식,ARIRANG,False,False,False
385600,2,KINDEX 친환경자동차밸류체인액티브,8920,5,-395,-4.24,8906.0,-2.522,2600,23,259,국내 업종/테마,KINDEX,False,False,False
337140,2,KODEX 코스피대형주,11235,5,-90,-0.79,11231.0,-12.9182,2302,25,258,국내 업종/테마,KODEX,False,False,False
250780,3,TIGER 코스닥150선물인버스,5615,2,180,3.31,5615.0,18.2807,5681556,31030,258,국내 파생,TIGER,True,False,False
399110,4,SOL 미국S&P500ESG,9545,2,125,1.33,9567.0,-10.9978,8849,84,258,해외 주식,SOL,False,False,False
428560,4,KODEX 미국ETF산업Top10 Indxx,9880,2,185,1.91,10023.0,,42219,413,257,해외 주식,KODEX,False,False,False
304770,1,HANARO 코스닥150,10250,5,-365,-3.44,10352.0,-17.4701,7028,72,256,국내 시장지수,HANARO,False,False,False
236350,4,TIGER 인도니프티50레버리지(합성),20900,2,230,1.11,20877.0,-13.406,2048,42,255,해외 주식,TIGER,False,True,False
395760,2,ARIRANG ESG성장주액티브,7180,5,-125,-1.71,7207.0,-13.0875,6947,50,255,국내 업종/테마,ARIRANG,False,False,False
266420,2,KODEX 헬스케어,11775,5,-70,-0.59,11880.0,-14.8149,8498,101,247,국내 업종/테마,KODEX,False,False,False
396520,4,TIGER 차이나반도체FACTSET,7435,2,165,2.27,7490.0,-13.2976,24455,180,247,해외 주식,TIGER,False,False,False
411540,1,SOL 200 Top10,7670,5,-30,-0.39,7706.0,-11.0341,16,0,245,국내 시장지수,SOL,False,False,False
332610,6,ARIRANG 미국단기우량회사채,106595,2,390,0.37,106637.0,5.1742,235,25,245,채권,ARIRANG,False,False,False
217780,4,TIGER 차이나CSI300인버스(합성),7655,5,-145,-1.86,7554.0,-2.7432,11864,91,245,해외 주식,TIGER,True,False,False
319640,4,TIGER 골드선물(H),13180,2,55,0.42,13184.0,-6.1159,20302,267,244,해외 주식,TIGER,False,False,True
243880,2,TIGER 200IT레버리지,30895,5,-740,-2.34,30778.0,-33.4211,4142,129,239,국내 업종/테마,TIGER,False,True,False
375770,2,KODEX 탄소효율그린뉴딜,7480,5,-85,-1.12,7481.0,-14.2388,2123,15,239,국내 업종/테마,KODEX,False,False,False
269420,4,KODEX S&P글로벌인프라(합성),13495,5,-90,-0.66,13617.0,0.4807,11148,150,238,해외 주식,KODEX,False,False,False
160580,5,TIGER 구리실물,10120,5,-225,-2.17,10341.0,-9.4134,38418,388,238,원자재,TIGER,False,False,False
181480,7,KINDEX 미국다우존스리츠(합성 H),82600,2,2090,2.6,82277.0,-16.2184,53,4,231,기타,KINDEX,False,False,True
176950,6,KODEX 국채선물10년인버스,53295,2,5,0.01,53465.0,6.7935,572,30,230,채권,KODEX,True,False,False
385590,2,KINDEX ESG액티브,6955,5,-130,-1.83,6944.0,-17.3665,1004,7,230,국내 업종/테마,KINDEX,False,False,False
364990,2,TIGER KRX게임K-뉴딜,7125,5,-20,-0.28,7145.0,-23.9813,150543,1077,228,국내 업종/테마,TIGER,False,False,False
276650,4,KBSTAR 글로벌4차산업IT(합성 H),17475,2,205,1.19,17420.0,-21.2315,372,6,227,해외 주식,KBSTAR,False,False,True
114100,6,KBSTAR 국고채3년,107165,2,90,0.08,107135.0,-2.5271,688,73,225,채권,KBSTAR,False,False,False
138520,2,TIGER 삼성그룹펀더멘털,9865,5,-150,-1.5,9884.0,-7.5511,11234,111,225,국내 업종/테마,TIGER,False,False,False
388420,2,KBSTAR 비메모리반도체액티브,7660,5,-105,-1.35,7663.0,-24.5238,62475,484,221,국내 업종/테마,KBSTAR,False,False,False
377990,2,TIGER Fn신재생에너지,8455,5,-180,-2.08,8461.0,-4.9951,77852,671,220,국내 업종/테마,TIGER,False,False,False
218420,4,KODEX 미국S&P에너지(합성),10995,5,-60,-0.54,11207.0,2.8372,82506,899,214,해외 주식,KODEX,False,False,False
117460,2,KODEX 에너지화학,15250,5,-415,-2.65,15284.0,-2.1672,13112,203,214,국내 업종/테마,KODEX,False,False,False
329670,7,KODEX TRF7030,12325,2,10,0.08,12327.0,-8.3706,562,6,210,기타,KODEX,False,False,False
365040,1,TIGER AI코리아그로스액티브,10475,5,-120,-1.13,10477.0,-14.0017,3526,36,210,국내 시장지수,TIGER,False,False,False
277540,4,KINDEX 아시아TOP50S&P,12605,5,-40,-0.32,12649.0,-3.5837,1283,16,208,해외 주식,KINDEX,False,False,False
252000,1,TIGER 200동일가중,10390,5,-205,-1.93,10397.0,-11.7819,18,0,208,국내 시장지수,TIGER,False,False,False
280930,4,KODEX 미국러셀2000(H),10915,2,110,1.02,10914.0,-19.3356,3033,33,207,해외 주식,KODEX,False,False,True
329660,7,KODEX TRF5050,11470,2,25,0.22,11437.0,-7.3655,1597,18,206,기타,KODEX,False,False,False
230480,7,KOSEF 미국달러선물인버스2X,6390,5,-40,-0.62,6375.0,-12.3382,16297,104,206,기타,KOSEF,True,False,False
237370,7,KODEX 배당성장채권혼합,11240,5,-35,-0.31,11228.0,-4.9727,2260,25,202,기타,KODEX,False,False,False
261250,7,KODEX 미국달러선물레버리지,12065,2,65,0.54,12084.0,13.1541,239695,2887,201,기타,KODEX,False,True,False
271060,5,KODEX 3대농산물선물(H),13695,5,-300,-2.14,13768.0,-7.01,80879,1111,201,원자재,KODEX,False,False,True
385710,2,TIMEFOLIO 이노베이션액티브,7660,5,-155,-1.98,7656.0,-16.0129,1460,11,199,국내 업종/테마,TIMEFOLIO,False,False,False
174350,2,TIGER 로우볼,10905,5,-95,-0.86,10901.0,-7.8264,65,0,196,국내 업종/테마,TIGER,False,False,False
139250,2,TIGER 200 에너지화학,15780,5,-345,-2.14,15776.0,-1.5809,122145,1957,193,국내 업종/테마,TIGER,False,False,False
140710,2,KODEX 운송,5330,5,-170,-3.09,5338.0,-11.2044,102880,557,192,국내 업종/테마,KODEX,False,False,False
306520,3,HANARO 200선물인버스,11655,2,75,0.65,11669.0,16.3234,31815,368,186,국내 파생,HANARO,True,False,False
265690,4,KINDEX 러시아MSCI(합성),10070,3,0,0.0,513.0,0.0,0,0,186,해외 주식,KINDEX,False,False,False
426150,6,WOORI 대한민국국고채액티브,49255,2,180,0.37,49082.0,,4,0,184,채권,WOORI,False,False,False
292160,1,TIGER KRX300,14130,5,-155,-1.09,14114.0,-14.6451,927,13,184,국내 시장지수,TIGER,False,False,False
401590,4,HANARO 글로벌탄소배출권선물ICE(합성),12200,5,-250,-2.01,12294.0,8.544,5117,62,183,해외 주식,HANARO,False,False,False
168300,1,KTOP 코스피50,21335,5,-35,-0.16,21261.0,-15.1682,149,3,179,국내 시장지수,KTOP,False,False,False
395280,2,HANARO Fn K-게임,5535,5,-85,-1.51,5534.0,-26.8801,38272,210,177,국내 업종/테마,HANARO,False,False,False
308620,6,KODEX 미국채10년선물,11635,2,110,0.95,11632.0,0.5233,9976,116,175,채권,KODEX,False,False,False
360140,2,KODEX 200롱코스닥150숏선물,10770,2,180,1.7,10930.0,1.3882,150359,1594,172,국내 업종/테마,KODEX,False,False,False
140700,2,KODEX 보험,6330,5,-120,-1.86,6330.0,-6.9936,281542,1804,171,국내 업종/테마,KODEX,False,False,False
395290,2,HANARO Fn K-POP&미디어,6690,5,-200,-2.9,6678.0,-32.4974,28843,194,171,국내 업종/테마,HANARO,False,False,False
300950,2,KODEX 게임산업,8895,5,-200,-2.2,8909.0,-27.3969,73747,666,169,국내 업종/테마,KODEX,False,False,False
102960,2,KODEX 기계장비,5080,5,-110,-2.12,5080.0,-2.2967,11354,58,165,국내 업종/테마,KODEX,False,False,False
352560,7,KODEX 다우존스미국리츠(H),12585,2,295,2.4,12564.0,-15.7065,1779,22,164,기타,KODEX,False,False,True
253160,3,ARIRANG 200선물인버스2X,6790,2,90,1.34,6807.0,33.4661,254378,1716,160,국내 파생,ARIRANG,True,False,False
213630,4,ARIRANG 미국다우존스고배당주(합성 H),15345,5,-10,-0.07,15336.0,-8.9805,7976,122,158,해외 주식,ARIRANG,False,False,True
421320,2,ARIRANG iSelect우주항공&UAM,8465,5,-250,-2.87,8495.0,,44197,380,157,국내 업종/테마,ARIRANG,False,False,False
400580,4,SOL 유럽탄소배출권선물S&P(H),13025,5,-340,-2.54,13061.0,6.5789,24521,319,156,해외 주식,SOL,False,False,True
139240,2,TIGER 200 철강소재,7530,5,-220,-2.84,7534.0,-15.2079,7806,59,155,국내 업종/테마,TIGER,False,False,False
252400,3,KBSTAR 200선물레버리지,12900,5,-165,-1.26,12893.0,-27.957,7266,94,155,국내 파생,KBSTAR,False,True,False
211900,2,KODEX 배당성장,12365,5,-185,-1.47,12361.0,-12.7685,4071,50,155,국내 업종/테마,KODEX,False,False,False
245350,4,TIGER 유로스탁스배당30,10950,2,135,1.25,11096.0,-8.0748,4851,53,153,해외 주식,TIGER,False,False,False
237350,1,KODEX 코스피100,23580,5,-195,-0.82,23584.0,-14.1821,2974,70,153,국내 시장지수,KODEX,False,False,False
289260,2,TIGER MSCI KOREA ESG리더스,8345,5,-95,-1.13,8336.0,-15.8777,139,1,153,국내 업종/테마,TIGER,False,False,False
395160,2,KODEX Fn시스템반도체,7230,5,-85,-1.16,7230.0,-19.8269,25631,187,152,국내 업종/테마,KODEX,False,False,False
225130,4,KINDEX 골드선물 레버리지(합성 H),16855,2,70,0.42,16958.0,-12.0514,4095,69,152,해외 주식,KINDEX,False,True,True
251590,2,ARIRANG 고배당저변동50,10450,5,-150,-1.42,10443.0,-6.4349,1212,12,152,국내 업종/테마,ARIRANG,False,False,False
276990,4,KODEX 글로벌4차산업로보틱스(합성),13785,2,120,0.88,13885.0,-19.523,3518,48,150,해외 주식,KODEX,False,False,False
428510,4,KODEX 차이나메타버스액티브,11085,5,-15,-0.14,11198.0,,7483,83,150,해외 주식,KODEX,False,False,False
289040,2,KODEX MSCI KOREA ESG유니버설,9155,5,-85,-0.92,9150.0,-15.0111,4,0,146,국내 업종/테마,KODEX,False,False,False
354500,1,KINDEX 코스닥150,10300,5,-385,-3.6,10383.0,-18.9794,2795,29,144,국내 시장지수,KINDEX,False,False,False
253250,3,KOSEF 200선물레버리지,12735,5,-155,-1.2,12739.0,-28.0692,7220,92,144,국내 파생,KOSEF,False,True,False
227830,1,ARIRANG 코스피,23960,5,-325,-1.34,23982.0,-13.5796,590,14,144,국내 시장지수,ARIRANG,False,False,False
292730,1,FOCUS KRX300,14240,5,-185,-1.28,14192.0,-14.3612,3,0,142,국내 시장지수,FOCUS,False,False,False
373790,4,KOSEF 미국방어배당성장나스닥,12880,2,225,1.78,12954.0,-2.2176,1887,24,142,해외 주식,KOSEF,False,False,False
300610,2,TIGER K게임,9585,5,-430,-4.29,9585.0,-31.0357,49434,479,139,국내 업종/테마,TIGER,False,False,False
153270,1,KOSEF 코스피100,23060,5,-160,-0.69,23033.0,-14.45,232,5,138,국내 시장지수,KOSEF,False,False,False
182490,6,TIGER 단기선진하이일드(합성 H),11520,5,-60,-0.52,11528.0,-4.7306,354,4,138,채권,TIGER,False,False,True
266410,2,KODEX 필수소비재,6905,2,30,0.44,6905.0,-11.3476,25112,174,138,국내 업종/테마,KODEX,False,False,False
276000,4,TIGER 글로벌자원생산기업(합성 H),14515,5,-540,-3.59,14669.0,-9.9582,4582,66,138,해외 주식,TIGER,False,False,True
238720,4,KINDEX 일본Nikkei225(H),17230,5,-10,-0.06,17251.0,-3.741,2042,35,138,해외 주식,KINDEX,False,False,True
227570,2,TIGER 우량가치,9870,5,-220,-2.18,9869.0,-11.499,1442,14,136,국내 업종/테마,TIGER,False,False,False
183700,7,KBSTAR 채권혼합,56685,5,-5,-0.01,56623.0,-6.1393,176,9,136,기타,KBSTAR,False,False,False
411720,4,KBSTAR 글로벌메타버스Moorgate,7500,2,35,0.47,7577.0,-16.9171,1451,10,135,해외 주식,KBSTAR,False,False,False
331910,2,KOSEF Fn중소형,18470,5,-745,-3.88,18449.0,-18.4458,83,1,133,국내 업종/테마,KOSEF,False,False,False
122090,1,ARIRANG 코스피50,21010,5,-150,-0.71,21044.0,-15.119,749,15,132,국내 시장지수,ARIRANG,False,False,False
411050,4,KINDEX 글로벌메타버스테크액티브,6605,2,140,2.17,6664.0,-23.9412,1051,6,132,해외 주식,KINDEX,False,False,False
241390,7,KBSTAR V&S셀렉트밸류채권혼합,10830,5,-60,-0.55,10824.0,-7.6963,1385,15,130,기타,KBSTAR,False,False,False
285690,2,FOCUS ESG리더스,9465,5,-185,-1.92,9468.0,-9.3897,60,0,128,국내 업종/테마,FOCUS,False,False,False
253290,7,KBSTAR 헬스케어채권혼합,10610,5,-60,-0.56,10614.0,-6.8041,4681,49,127,기타,KBSTAR,False,False,False
419420,4,KODEX 미국클린에너지나스닥,9070,2,25,0.28,9189.0,-9.0498,5658,51,127,해외 주식,KODEX,False,False,False
360150,2,KODEX 코스닥150롱코스피200숏선물,8440,5,-185,-2.14,8318.0,-2.0443,1244,10,127,국내 업종/테마,KODEX,False,False,False
223190,2,KODEX 200가치저변동,8960,5,-90,-0.99,8958.0,-11.8879,251,2,125,국내 업종/테마,KODEX,False,False,False
278620,6,ARIRANG 단기채권액티브,105855,2,70,0.07,105858.0,-0.522,43,4,125,채권,ARIRANG,False,False,False
422260,2,VITA MZ소비액티브,7290,5,-80,-1.09,7344.0,,52257,386,124,국내 업종/테마,VITA,False,False,False
322410,2,HANARO 고배당,10210,5,-115,-1.11,10209.0,-7.1827,1512,15,123,국내 업종/테마,HANARO,False,False,False
429760,4,ARIRANG 미국S&P500,9350,2,120,1.3,9382.0,,1188,11,122,해외 주식,ARIRANG,False,False,False
211560,2,TIGER 배당성장,15385,5,-230,-1.47,15381.0,-12.5358,203,3,120,국내 업종/테마,TIGER,False,False,False
138910,5,KODEX 구리선물(H),7050,5,-95,-1.33,7061.0,-16.9187,16142,113,120,원자재,KODEX,False,False,True
413220,4,SOL 차이나태양광CSI(합성),9930,2,90,0.91,9982.0,8.1318,35605,350,119,해외 주식,SOL,False,False,False
337150,2,KODEX 200exTOP,10550,5,-120,-1.12,10535.0,-12.8909,84,0,116,국내 업종/테마,KODEX,False,False,False
251600,7,ARIRANG 고배당주채권혼합,10460,5,-40,-0.38,10447.0,-4.7101,9999,105,115,기타,ARIRANG,False,False,False
409810,4,KODEX 미국나스닥100선물인버스(H),13410,5,-165,-1.22,13386.0,22.7951,178519,2393,114,해외 주식,KODEX,True,False,True
138530,2,TIGER LG그룹+펀더멘털,8505,5,-35,-0.41,8504.0,-11.3649,6143,52,114,국내 업종/테마,TIGER,False,False,False
426020,4,TIMEFOLIO 미국S&P500액티브,9490,2,115,1.23,9496.0,,24,0,114,해외 주식,TIMEFOLIO,False,False,False
426030,4,TIMEFOLIO 미국나스닥100액티브,9490,2,110,1.17,9508.0,,172,1,114,해외 주식,TIMEFOLIO,False,False,False
196030,4,KINDEX 일본TOPIX레버리지(H),18970,5,-30,-0.16,18921.0,-6.954,106,2,114,해외 주식,KINDEX,False,True,True
200030,4,KODEX 미국S&P산업재(합성),19645,2,245,1.26,19668.0,-11.3346,430,8,113,해외 주식,KODEX,False,False,False
219900,4,KINDEX 중국본토CSI300레버리지(합성),4695,2,115,2.51,4808.0,1.7777,7021,32,113,해외 주식,KINDEX,False,True,False
415760,4,SOL 차이나육성산업액티브(합성),8600,2,60,0.7,8777.0,-3.7747,10102,84,112,해외 주식,SOL,False,False,False
404120,2,TIMEFOLIO 탄소중립액티브,7930,5,-170,-2.1,7900.0,-6.7895,88,0,111,국내 업종/테마,TIMEFOLIO,False,False,False
289250,2,TIGER MSCI KOREA ESG유니버설,9210,5,-85,-0.91,9141.0,-14.3082,1,0,111,국내 업종/테마,TIGER,False,False,False
399580,4,KBSTAR 글로벌클린에너지S&P,9180,2,80,0.88,9089.0,-1.0332,10413,94,110,해외 주식,KBSTAR,False,False,False
306950,3,KODEX KRX300레버리지,10990,5,-200,-1.79,10936.0,-27.9923,14506,160,110,국내 파생,KODEX,False,True,False
244670,2,KODEX 밸류Plus,7830,5,-200,-2.49,7833.0,-12.365,367,2,110,국내 업종/테마,KODEX,False,False,False
104530,2,KOSEF 고배당,8075,5,-120,-1.46,8092.0,-12.7542,14701,119,109,국내 업종/테마,KOSEF,False,False,False
390400,4,KODEX 미국스마트모빌리티S&P,6790,2,75,1.12,6785.0,-16.4282,2736,18,109,해외 주식,KODEX,False,False,False
413930,2,WOORI AI ESG액티브,7760,5,-70,-0.89,7750.0,-13.0484,63704,497,109,국내 업종/테마,WOORI,False,False,False
316670,1,KOSEF 코스닥150,5115,5,-185,-3.49,5175.0,-17.944,4452,23,108,국내 시장지수,KOSEF,False,False,False
429000,4,TIGER 미국S&P500배당귀족,9380,2,75,0.81,9425.0,,9190,86,108,해외 주식,TIGER,False,False,False
412570,2,TIGER KRX2차전지K-뉴딜레버리지,6135,5,-315,-4.88,6112.0,8.4033,85791,537,107,국내 업종/테마,TIGER,False,True,False
272910,6,KINDEX 중장기국공채액티브,94695,2,190,0.2,94651.0,-3.9047,32,3,107,채권,KINDEX,False,False,False
248260,4,TIGER 일본TOPIX헬스케어(합성),10605,2,195,1.87,10655.0,-2.6648,98,1,106,해외 주식,TIGER,False,False,False
091220,2,TIGER 은행,6665,5,-125,-1.84,6676.0,-14.6557,43196,291,105,국내 업종/테마,TIGER,False,False,False
185680,4,KODEX 미국S&P바이오(합성),20390,2,730,3.71,20411.0,-17.4297,2947,60,105,해외 주식,KODEX,False,False,False
250730,4,KBSTAR 차이나HSCEI(H),8675,2,45,0.52,8741.0,0.6413,206,1,104,해외 주식,KBSTAR,False,False,True
292560,7,TIGER 일본엔선물,9410,2,80,0.86,9411.0,-5.6623,41887,393,104,기타,TIGER,False,False,False
140950,1,파워 코스피100,23290,5,-110,-0.47,23272.0,-14.3736,57,1,102,국내 시장지수,파워,False,False,False
407820,2,에셋플러스 코리아플랫폼액티브,6395,5,-120,-1.84,6383.0,-28.9919,12377,79,102,국내 업종/테마,에셋플러스,False,False,False
279540,2,KODEX 최소변동성,10150,3,0,0.0,9969.0,-10.9962,0,0,102,국내 업종/테마,KODEX,False,False,False
368680,2,KODEX Fn K-뉴딜디지털플러스,8355,5,-85,-1.01,8393.0,-11.3725,735,6,100,국내 업종/테마,KODEX,False,False,False
418670,4,TIGER 글로벌사이버보안INDXX,9630,2,100,1.05,9748.0,-13.9504,4404,42,100,해외 주식,TIGER,False,False,False
430500,7,KOSEF 물가채KIS,99665,5,-335,-0.33,99542.0,,392,39,100,기타,KOSEF,False,False,False
292500,1,SOL KRX300,14190,5,-85,-0.6,14168.0,-15.1107,1413,20,99,국내 시장지수,SOL,False,False,False
310080,4,KBSTAR 중국MSCI China(H),9420,5,-70,-0.74,9500.0,1.6604,410,3,99,해외 주식,KBSTAR,False,False,True
195920,4,TIGER 일본TOPIX(합성 H),15375,5,-30,-0.19,15356.0,-2.8995,5960,91,98,해외 주식,TIGER,False,False,True
138920,5,KODEX 콩선물(H),14015,5,-445,-3.08,14100.0,-2.79,4847,68,98,원자재,KODEX,False,False,True
285000,2,KBSTAR 200IT,11960,5,-145,-1.2,11939.0,-17.8097,12,0,98,국내 업종/테마,KBSTAR,False,False,False
225060,4,TIGER 이머징마켓MSCI레버리지(합성 H),7895,5,-5,-0.06,7913.0,-22.4731,2431,18,98,해외 주식,TIGER,False,True,True
352540,7,KODEX TSE일본리츠(H),12135,2,35,0.29,12227.0,-3.9683,43,0,97,기타,KODEX,False,False,True
139660,7,KOSEF 미국달러선물인버스,9165,5,-35,-0.38,9158.0,-6.2182,8055,73,96,기타,KOSEF,True,False,False
229720,1,KODEX KTOP30,15990,5,-40,-0.25,15935.0,-14.1909,175,2,96,국내 시장지수,KODEX,False,False,False
104520,2,KOSEF 블루칩,7920,5,-50,-0.63,7911.0,-12.3213,3270,26,95,국내 업종/테마,KOSEF,False,False,False
423170,4,SOL 한국형글로벌반도체액티브,8625,2,5,0.06,8668.0,,9906,84,95,해외 주식,SOL,False,False,False
354240,7,KBSTAR 미국고정배당우선증권ICE TR,9985,2,145,1.47,9960.0,-3.0065,1711,17,95,기타,KBSTAR,False,False,False
225030,4,TIGER 미국S&P500선물인버스(H),4310,5,-85,-1.93,4309.0,18.3041,114453,492,95,해외 주식,TIGER,True,False,True
292050,1,KBSTAR KRX300,14330,5,-120,-0.83,14323.0,-14.7795,72,1,93,국내 시장지수,KBSTAR,False,False,False
267450,6,KBSTAR 미국장기국채선물인버스(H),9310,5,-105,-1.12,9332.0,10.6995,11722,109,93,채권,KBSTAR,True,False,True
429980,7,SOL 한국형글로벌전기차&2차전지액티브,10190,2,270,2.72,10207.0,,7465,75,92,기타,SOL,False,False,False
225050,4,TIGER 유로스탁스레버리지(합성 H),6525,2,90,1.4,6585.0,-24.026,1866,12,91,해외 주식,TIGER,False,True,True
272570,6,KBSTAR 중장기국공채액티브,97130,2,50,0.05,97170.0,-3.7764,73,7,91,채권,KBSTAR,False,False,False
429010,4,TIGER 미국나스닥넥스트100,9540,2,35,0.37,9710.0,,3409,32,91,해외 주식,TIGER,False,False,False
253150,3,ARIRANG 200선물레버리지,25735,5,-345,-1.32,25728.0,-27.8163,3872,100,90,국내 파생,ARIRANG,False,True,False
101280,4,KODEX 일본TOPIX100,14925,2,145,0.98,14893.0,-8.0846,126,1,90,해외 주식,KODEX,False,False,False
375760,2,HANARO 탄소효율그린뉴딜,7415,5,-85,-1.13,7410.0,-14.8792,667,4,89,국내 업종/테마,HANARO,False,False,False
253230,3,KOSEF 200선물인버스2X,3375,2,60,1.81,3371.0,33.9393,225142,750,89,국내 파생,KOSEF,True,False,False
403790,1,마이다스 KoreaStock액티브,16720,5,-225,-1.33,16756.0,-12.5871,100,1,88,국내 시장지수,마이다스,False,False,False
316300,7,KINDEX 싱가포르리츠,12520,2,110,0.89,12654.0,-0.9182,1198,15,88,기타,KINDEX,False,False,False
143460,2,KINDEX 밸류대형,7915,5,-85,-1.06,7904.0,-12.223,48,0,87,국내 업종/테마,KINDEX,False,False,False
100910,1,KOSEF KRX100,4815,5,-20,-0.41,4791.0,-14.44,208156,1003,87,국내 시장지수,KOSEF,False,False,False
291130,4,KINDEX 멕시코MSCI(합성),10795,2,25,0.23,10773.0,-6.1438,155,1,86,해외 주식,KINDEX,False,False,False
295020,6,KBSTAR 국채선물10년인버스,53860,5,-135,-0.25,54103.0,6.8467,19,1,86,채권,KBSTAR,True,False,False
429990,7,SOL 한국형글로벌플랫폼&메타버스액티브,9535,2,15,0.16,9646.0,,92,0,86,기타,SOL,False,False,False
415920,5,ARIRANG 글로벌희토류전략자원기업MV,8140,5,-230,-2.75,8114.0,-14.9823,12397,101,85,원자재,ARIRANG,False,False,False
280320,4,KINDEX 미국IT인터넷S&P(합성 H),10670,3,0,0.0,10773.0,-32.8509,5733,60,85,해외 주식,KINDEX,False,False,True
364690,1,KODEX 혁신기술테마액티브,10615,5,-125,-1.16,10617.0,-10.4851,145,1,85,국내 시장지수,KODEX,False,False,False
261110,7,TIGER 미국달러선물레버리지,12115,2,65,0.54,12153.0,12.8277,2360,28,85,기타,TIGER,False,True,False
292750,1,ARIRANG KRX300,13960,5,-155,-1.1,13988.0,-15.3321,81,1,84,국내 시장지수,ARIRANG,False,False,False
270800,2,KBSTAR KQ고배당,11965,5,-370,-3.0,11969.0,-15.5947,983,11,84,국내 업종/테마,KBSTAR,False,False,False
269370,4,TIGER S&P글로벌인프라(합성),11925,5,-195,-1.61,12005.0,2.2439,346,4,83,해외 주식,TIGER,False,False,False
145850,2,TREX 펀더멘탈 200,33260,5,-390,-1.16,33206.0,-11.8048,1,0,83,국내 업종/테마,TREX,False,False,False
416090,4,KINDEX 중국과창판STAR50,8290,2,110,1.34,8593.0,-7.5184,7605,62,83,해외 주식,KINDEX,False,False,False
410870,2,TIMEFOLIO K컬처액티브,6335,5,-175,-2.69,6336.0,-25.0864,1481,9,82,국내 업종/테마,TIMEFOLIO,False,False,False
289670,6,ARIRANG 국채선물10년,50065,2,185,0.37,49843.0,-6.6355,500,25,82,채권,ARIRANG,False,False,False
433330,4,SOL 미국S&P500,10245,2,115,1.14,10274.0,,47681,488,82,해외 주식,SOL,False,False,False
417450,2,KBSTAR 글로벌수소경제Indxx,9620,2,20,0.21,9514.0,-17.7026,256,2,82,국내 업종/테마,KBSTAR,False,False,False
373530,4,ARIRANG 신흥국MSCI인버스(합성 H),11110,2,20,0.18,11167.0,8.8856,4195,46,80,해외 주식,ARIRANG,True,False,True
295000,6,KBSTAR 국채선물10년,49275,2,25,0.05,49114.0,-6.2352,244,12,80,채권,KBSTAR,False,False,False
252650,1,KODEX 200동일가중,9950,5,-185,-1.83,9941.0,-11.9921,1588,15,80,국내 시장지수,KODEX,False,False,False
261140,2,TIGER 우선주,10165,5,-150,-1.45,10153.0,-11.5276,4087,41,79,국내 업종/테마,TIGER,False,False,False
391590,4,KINDEX 미국스팩&IPO INDXX,6605,3,0,0.0,6655.0,-17.8994,9,0,79,해외 주식,KINDEX,False,False,False
371150,4,KBSTAR 차이나항셍테크,6590,2,95,1.46,6638.0,7.5331,4819,31,79,해외 주식,KBSTAR,False,False,False
108590,1,TREX 200,31540,5,-210,-0.66,31472.0,-14.1753,48,1,79,국내 시장지수,TREX,False,False,False
432850,4,HANARO 글로벌백신치료제MSCI,9805,2,190,1.98,9974.0,,960,9,78,해외 주식,HANARO,False,False,False
367740,2,HANARO Fn5G산업,11160,5,-80,-0.71,11146.0,-13.6249,5419,60,78,국내 업종/테마,HANARO,False,False,False
244620,2,KODEX 모멘텀Plus,9755,5,-410,-4.03,9756.0,-17.3242,112,1,78,국내 업종/테마,KODEX,False,False,False
395270,2,HANARO Fn K-반도체,7790,5,-150,-1.89,7790.0,-18.6976,6321,49,78,국내 업종/테마,HANARO,False,False,False
205720,4,KINDEX 일본TOPIX인버스(합성 H),4310,2,5,0.12,4326.0,1.8934,12408,53,78,해외 주식,KINDEX,True,False,True
139320,5,TIGER 금은선물(H),9555,5,-10,-0.1,9534.0,-6.2715,238,2,76,원자재,TIGER,False,False,True
307010,3,KBSTAR KRX300레버리지,10910,5,-290,-2.59,10948.0,-27.8118,1874,21,76,국내 파생,KBSTAR,False,True,False
261070,2,TIGER 코스닥150바이오테크,7245,5,-85,-1.16,7394.0,-18.1372,10188,75,75,국내 업종/테마,TIGER,False,False,False
402460,2,HANARO Fn K-메타버스MZ,7165,5,-110,-1.51,7164.0,-33.0789,3809,27,75,국내 업종/테마,HANARO,False,False,False
256450,4,ARIRANG 심천차이넥스트(합성),12395,2,280,2.31,12802.0,-0.7375,864,10,74,해외 주식,ARIRANG,False,False,False
375270,7,KBSTAR 글로벌데이터센터리츠나스닥(합성),11440,2,310,2.79,11483.0,-5.8376,308,3,74,기타,KBSTAR,False,False,False
131890,2,KINDEX 삼성그룹동일가중,14830,5,-210,-1.4,14802.0,-6.135,57,0,74,국내 업종/테마,KINDEX,False,False,False
333970,2,ARIRANG KS밸류가중TR,13425,5,-175,-1.29,13460.0,-13.815,143,1,74,국내 업종/테마,ARIRANG,False,False,False
152500,3,KINDEX 레버리지,5640,5,-70,-1.23,5609.0,-27.5841,31034,175,73,국내 파생,KINDEX,False,True,False
432840,4,HANARO 미국S&P500,9155,3,0,0.0,9321.0,,0,0,73,해외 주식,HANARO,False,False,False
137930,3,마이다스 200커버드콜5%OTM,12090,5,-120,-0.98,12076.0,-11.8094,6,0,73,국내 파생,마이다스,False,False,False
407160,2,MASTER 테크미디어텔레콤액티브,7605,5,-100,-1.3,7624.0,-18.8093,1837,14,72,국내 업종/테마,MASTER,False,False,False
426410,4,ARIRANG 미국대체투자Top10MV,9630,2,110,1.16,9720.0,,1577,15,72,해외 주식,ARIRANG,False,False,False
275290,2,KODEX MSCI밸류,10285,3,0,0.0,10044.0,-14.306,0,0,72,국내 업종/테마,KODEX,False,False,False
156080,1,KODEX MSCI Korea,14385,5,-100,-0.69,14345.0,-13.9642,91,1,72,국내 시장지수,KODEX,False,False,False
189400,4,ARIRANG 글로벌MSCI(합성 H),14090,5,-60,-0.42,14182.0,-16.593,1160,16,72,해외 주식,ARIRANG,False,False,True
167860,6,KOSEF 국고채10년레버리지,101845,2,645,0.64,101484.0,-12.6608,927,94,71,채권,KOSEF,False,True,False
237440,7,TIGER 경기방어채권혼합,8880,2,15,0.17,8869.0,-4.2554,2596,23,71,기타,TIGER,False,False,False
183710,7,KBSTAR 주식혼합,35365,5,-135,-0.38,35332.0,-10.6806,7,0,71,기타,KBSTAR,False,False,False
395150,2,KODEX Fn웹툰&드라마,5440,5,-145,-2.6,5439.0,-37.0847,5994,33,71,국내 업종/테마,KODEX,False,False,False
424460,4,HANARO 글로벌워터MSCI(합성),8805,2,40,0.46,8806.0,,199,1,70,해외 주식,HANARO,False,False,False
272230,2,KINDEX 스마트밸류,11680,5,-155,-1.31,11660.0,-14.4066,21,0,70,국내 업종/테마,KINDEX,False,False,False
277640,2,TIGER 코스피대형주,11495,5,-90,-0.78,11494.0,-12.8882,2567,29,69,국내 업종/테마,TIGER,False,False,False
195970,4,ARIRANG 선진국MSCI(합성 H),9735,2,85,0.88,9723.0,-14.7903,2721,26,68,해외 주식,ARIRANG,False,False,True
228820,1,TIGER KTOP30,8010,5,-50,-0.62,8009.0,-13.9349,512,4,68,국내 시장지수,TIGER,False,False,False
368200,2,KBSTAR Fn K-뉴딜디지털플러스,8400,5,-65,-0.77,8399.0,-11.1566,38,0,67,국내 업종/테마,KBSTAR,False,False,False
322150,2,KINDEX 스마트하이베타,11170,5,-140,-1.24,11150.0,-15.0519,21,0,67,국내 업종/테마,KINDEX,False,False,False
429740,7,ARIRANG Fn K리츠,8925,5,-125,-1.38,8949.0,,9112,81,67,기타,ARIRANG,False,False,False
269530,4,ARIRANG S&P글로벌인프라,13385,5,-205,-1.51,13374.0,0.8534,675,9,67,해외 주식,ARIRANG,False,False,False
426330,4,KOSEF 미국ETF산업STOXX,8905,2,60,0.68,9214.0,,1125,10,67,해외 주식,KOSEF,False,False,False
381570,2,HANARO Fn친환경에너지,8340,5,-195,-2.28,8336.0,-11.251,1235,10,67,국내 업종/테마,HANARO,False,False,False
429870,7,히어로즈 리츠이지스액티브,8895,5,-140,-1.55,8925.0,,6795,60,67,기타,히어로즈,False,False,False
404650,2,SOL KRX기후변화솔루션,8310,5,-225,-2.64,8305.0,-3.1765,8,0,66,국내 업종/테마,SOL,False,False,False
319870,7,KBSTAR KRX300미국달러선물혼합,13285,5,-65,-0.49,13297.0,-9.3994,55,0,66,기타,KBSTAR,False,False,False
337120,2,KODEX Fn멀티팩터,11045,5,-235,-2.08,11040.0,-13.2442,1,0,66,국내 업종/테마,KODEX,False,False,False
139310,5,TIGER 금속선물(H),6615,5,-110,-1.64,6669.0,-21.8478,8307,54,66,원자재,TIGER,False,False,True
322130,2,KINDEX 스마트로우볼,13200,5,-120,-0.9,13181.0,-12.7359,21,0,66,국내 업종/테마,KINDEX,False,False,False
403990,2,KBSTAR KRX기후변화솔루션,8250,5,-165,-1.96,8232.0,-4.4185,18,0,66,국내 업종/테마,KBSTAR,False,False,False
117690,4,TIGER 차이나항셍25,14655,2,175,1.21,14740.0,7.1798,3317,48,66,해외 주식,TIGER,False,False,False
159800,1,마이티 코스피100,23495,3,0,0.0,23306.0,-14.23,100,2,66,국내 시장지수,마이티,False,False,False
407170,2,MASTER 스마트커머스액티브,7730,5,-60,-0.77,7727.0,-16.4164,2940,22,66,국내 업종/테마,MASTER,False,False,False
315270,2,TIGER 200커뮤니케이션서비스,20520,2,240,1.18,20522.0,-23.2923,227,4,66,국내 업종/테마,TIGER,False,False,False
371130,4,KINDEX 베트남VN30선물블룸버그레버리지(H),13115,5,-155,-1.17,13135.0,-36.6739,1644,21,66,해외 주식,KINDEX,False,True,True
402520,1,FOCUS 혁신기업액티브,7265,5,-90,-1.22,7234.0,-14.8826,35,0,65,국내 시장지수,FOCUS,False,False,False
192720,2,파워 고배당저변동성,27160,5,-435,-1.58,27208.0,-8.4106,102,2,65,국내 업종/테마,파워,False,False,False
304670,6,KODEX 미국채울트라30년선물인버스(H),9255,5,-145,-1.54,9259.0,15.4791,18829,173,65,채권,KODEX,True,False,True
419650,2,ARIRANG 글로벌수소&차세대연료전지MV,8620,5,-170,-1.93,8650.0,-25.032,4650,40,65,국내 업종/테마,ARIRANG,False,False,False
419170,4,HANARO 미국메타버스iSelect,8570,2,65,0.76,8659.0,-16.3306,505,4,64,해외 주식,HANARO,False,False,False
411860,4,KOSEF 독일DAX,8540,2,65,0.77,8612.0,-8.4279,468,3,64,해외 주식,KOSEF,False,False,False
379790,4,KBSTAR 유로스탁스50(H),9050,2,5,0.06,9127.0,-9.9104,804,7,63,해외 주식,KBSTAR,False,False,True
304760,1,HANARO KRX300,13950,5,-110,-0.78,13891.0,-14.9426,1030,14,63,국내 시장지수,HANARO,False,False,False
243890,2,TIGER 200에너지화학레버리지,12460,5,-455,-3.52,12400.0,-5.6956,2013,25,62,국내 업종/테마,TIGER,False,True,False
291620,3,KOSEF 코스닥150선물인버스,9950,2,350,3.65,9952.0,17.8637,18307,178,62,국내 파생,KOSEF,True,False,False
261060,2,TIGER 코스닥150IT,12850,5,-475,-3.56,12853.0,-18.3317,2444,31,62,국내 업종/테마,TIGER,False,False,False
251890,1,KINDEX 코스닥(합성),10250,5,-460,-4.3,10210.0,-18.9864,1353,14,62,국내 시장지수,KINDEX,False,False,False
238670,7,ARIRANG 스마트베타Quality채권혼합,10200,5,-35,-0.34,10219.0,-4.6133,40,0,61,기타,ARIRANG,False,False,False
275280,2,KODEX MSCI모멘텀,10125,3,0,0.0,9665.0,-10.8951,0,0,61,국내 업종/테마,KODEX,False,False,False
098560,2,TIGER 방송통신,8630,5,-45,-0.52,8630.0,-5.3258,29413,252,60,국내 업종/테마,TIGER,False,False,False
432600,6,KBSTAR 국채선물3년,49985,5,-40,-0.08,49939.0,,14,0,60,채권,KBSTAR,False,False,False
147970,2,TIGER 모멘텀,21255,5,-570,-2.61,21252.0,-10.6302,43,0,60,국내 업종/테마,TIGER,False,False,False
333950,2,ARIRANG KS로우사이즈가중TR,13205,5,-360,-2.65,13244.0,-16.2138,27,0,59,국내 업종/테마,ARIRANG,False,False,False
166400,3,TIGER 200커버드콜5%OTM,11875,3,0,0.0,11759.0,-13.0356,0,0,59,국내 파생,TIGER,False,False,False
371870,4,KINDEX 차이나항셍테크,6595,2,125,1.93,6621.0,7.5644,6537,42,59,해외 주식,KINDEX,False,False,False
234310,2,KBSTAR V&S셀렉트밸류,11855,5,-185,-1.54,11859.0,-15.0558,10,0,59,국내 업종/테마,KBSTAR,False,False,False
291680,4,KBSTAR 차이나H선물인버스(H),11845,5,-260,-2.15,11910.0,-3.16,232,2,59,해외 주식,KBSTAR,True,False,True
105780,2,KBSTAR 5대그룹주,5895,5,-45,-0.76,5894.0,-12.3506,704,4,59,국내 업종/테마,KBSTAR,False,False,False
305050,1,KINDEX 코스피,23500,5,-365,-1.53,23521.0,-13.1298,1190,28,59,국내 시장지수,KINDEX,False,False,False
261120,7,TIGER 미국달러선물인버스2X,7245,5,-40,-0.55,7230.0,-12.3346,11795,85,58,기타,TIGER,True,False,False
226380,2,KINDEX Fn성장소비주도주,5780,5,-170,-2.86,5779.0,-19.4204,76,0,58,국내 업종/테마,KINDEX,False,False,False
394340,4,KOSEF 릭소글로벌디지털경제MSCI,7120,2,85,1.21,7159.0,-18.2453,141,1,57,해외 주식,KOSEF,False,False,False
427110,2,KBSTAR Fn창업투자회사,7380,5,-505,-6.4,7370.0,,20586,158,56,국내 업종/테마,KBSTAR,False,False,False
145670,3,KINDEX 인버스,6225,2,60,0.97,6224.0,15.9924,32679,202,56,국내 파생,KINDEX,True,False,False
290080,3,KBSTAR 200고배당커버드콜ATM,7985,5,-135,-1.66,7982.0,-3.7915,66,0,56,국내 파생,KBSTAR,False,False,False
289480,3,TIGER 200커버드콜ATM,9290,5,-95,-1.01,9267.0,-9.6989,28,0,56,국내 파생,TIGER,False,False,False
342140,7,KINDEX 싱가포르리츠채권혼합모닝스타,9290,2,20,0.22,9343.0,-5.3599,1,0,56,기타,KINDEX,False,False,False
266390,2,KODEX 경기소비재,9120,5,-160,-1.72,9123.0,-17.1133,906,8,55,국내 업종/테마,KODEX,False,False,False
253240,3,KOSEF 200선물인버스,6545,2,45,0.69,6557.0,16.1751,10513,68,54,국내 파생,KOSEF,True,False,False
299070,6,KINDEX 국채선물10년인버스,108420,5,-885,-0.81,108907.0,7.9715,34,3,54,채권,KINDEX,True,False,False
226980,1,KODEX 200 중소형,10835,5,-275,-2.48,10834.0,-14.8268,1627,17,54,국내 시장지수,KODEX,False,False,False
322120,2,KINDEX 스마트퀄리티,13465,5,-140,-1.03,13445.0,-14.8197,20,0,54,국내 업종/테마,KINDEX,False,False,False
277650,2,TIGER 코스피중형주,13405,5,-535,-3.84,13388.0,-12.9023,258,3,54,국내 업종/테마,TIGER,False,False,False
307520,2,TIGER 지주회사,9710,5,-135,-1.37,9705.0,-3.4615,8863,86,53,국내 업종/테마,TIGER,False,False,False
292770,6,KODEX 국채선물3년인버스,52290,5,-95,-0.18,52359.0,3.1606,117,6,53,채권,KODEX,True,False,False
227550,2,TIGER 200 산업재,5905,5,-135,-2.24,5905.0,-6.5739,1672,9,53,국내 업종/테마,TIGER,False,False,False
307510,2,TIGER 의료기기,13270,5,-430,-3.14,13274.0,-22.7909,1245,16,53,국내 업종/테마,TIGER,False,False,False
391670,1,HK 베스트일레븐액티브,7550,5,-35,-0.46,7567.0,-12.9662,27,0,53,국내 시장지수,HK,False,False,False
299080,6,KINDEX 국채선물3년인버스,104500,5,-510,-0.49,104898.0,3.2749,1,0,52,채권,KINDEX,True,False,False
252410,3,KBSTAR 200선물인버스,6520,2,75,1.16,6515.0,15.2951,11578,74,52,국내 파생,KBSTAR,True,False,False
301410,3,ARIRANG 코스닥150선물인버스,8645,2,310,3.72,8644.0,17.0646,77649,654,52,국내 파생,ARIRANG,True,False,False
427120,2,KBSTAR Fn플랫폼테마,7605,5,-290,-3.67,7630.0,,266,2,52,국내 업종/테마,KBSTAR,False,False,False
253280,2,KBSTAR 헬스케어,10340,5,-150,-1.43,10348.0,-16.2275,1161,12,52,국내 업종/테마,KBSTAR,False,False,False
272220,2,KINDEX 스마트모멘텀,12885,5,-190,-1.45,12862.0,-14.2117,20,0,52,국내 업종/테마,KINDEX,False,False,False
215620,2,HK S&P코리아로우볼,11385,3,0,0.0,11164.0,-5.2277,0,0,51,국내 업종/테마,HK,False,False,False
333940,2,ARIRANG KS로우볼가중TR,11340,5,-85,-0.74,11374.0,-11.7761,149,1,51,국내 업종/테마,ARIRANG,False,False,False
105010,4,TIGER 라틴35,3630,5,-30,-0.82,3648.0,-6.6327,5025,18,51,해외 주식,TIGER,False,False,False
261920,4,KINDEX 필리핀MSCI(합성),12680,5,-305,-2.35,12580.0,-8.4274,1395,17,51,해외 주식,KINDEX,False,False,False
140580,2,KBSTAR 우량업종,10005,5,-170,-1.67,10007.0,-11.6907,32,0,50,국내 업종/테마,KBSTAR,False,False,False
295820,1,ARIRANG 200동일가중,9065,5,-170,-1.84,9094.0,-12.5971,134,1,50,국내 시장지수,ARIRANG,False,False,False
267440,6,KBSTAR 미국장기국채선물(H),9795,2,135,1.4,9776.0,-10.1814,3715,36,49,채권,KBSTAR,False,False,True
285010,2,KBSTAR 200중공업,8710,5,-190,-2.13,8735.0,-9.1466,37783,339,49,국내 업종/테마,KBSTAR,False,False,False
407300,2,HANARO Fn골프테마,6880,5,-185,-2.62,6882.0,-19.1093,4228,29,48,국내 업종/테마,HANARO,False,False,False
376250,2,ARIRANG 탄소효율그린뉴딜,7395,5,-105,-1.4,7419.0,-14.8695,353,2,48,국내 업종/테마,ARIRANG,False,False,False
291890,4,KODEX MSCI EM선물(H),7970,5,-70,-0.87,8009.0,-10.9635,15,0,48,해외 주식,KODEX,False,False,True
334690,5,KBSTAR 팔라듐선물(H),10525,2,90,0.86,10585.0,-29.6596,4198,43,47,원자재,KBSTAR,False,False,True
346000,6,HANARO KAP초장기국고채,37230,5,-105,-0.28,37257.0,-9.5129,726,27,47,채권,HANARO,False,False,False
220130,4,SOL 중국본토 중소형 CSI500(합성 H),5180,5,-45,-0.86,5253.0,-6.3621,2069,10,47,해외 주식,SOL,False,False,True
380340,2,KINDEX Fn5G플러스,6650,5,-110,-1.63,6635.0,-21.1938,1479,9,47,국내 업종/테마,KINDEX,False,False,False
321410,7,KODEX 멀티에셋하이인컴(H),9180,3,0,0.0,9220.0,-10.7004,19,0,46,기타,KODEX,False,False,True
275300,2,KODEX MSCI퀄리티,7595,5,-70,-0.91,7591.0,-14.9468,101,0,46,국내 업종/테마,KODEX,False,False,False
404470,2,HANARO KRX기후변화솔루션,8220,5,-195,-2.32,8235.0,-3.9384,60,0,45,국내 업종/테마,HANARO,False,False,False
267490,6,KBSTAR 미국장기국채선물레버리지(합성 H),9030,2,275,3.14,8982.0,-20.1551,1275,11,45,채권,KBSTAR,False,True,True
292340,3,마이티 200커버드콜ATM레버리지,7380,5,-175,-2.32,7315.0,-18.8507,3,0,44,국내 파생,마이티,False,True,False
373490,2,KODEX K-이노베이션액티브,8825,5,-185,-2.05,8822.0,-14.5729,1148,10,44,국내 업종/테마,KODEX,False,False,False
139290,2,TIGER 200 경기소비재,14490,5,-15,-0.1,14441.0,-4.679,642,9,43,국내 업종/테마,TIGER,False,False,False
391680,1,HK 하이볼액티브,7180,5,-45,-0.62,7125.0,-14.8999,31,0,43,국내 시장지수,HK,False,False,False
280940,5,KODEX 골드선물인버스(H),7010,3,0,0.0,7042.0,5.6518,1469,10,42,원자재,KODEX,True,False,True
281990,2,KBSTAR 중소형고배당,10505,5,-235,-2.19,10489.0,-11.1443,406,4,42,국내 업종/테마,KBSTAR,False,False,False
140570,2,KBSTAR 수출주,10185,5,-225,-2.16,10184.0,-10.3437,5120,53,41,국내 업종/테마,KBSTAR,False,False,False
267500,6,KBSTAR 미국장기국채선물인버스2X(합성 H),8135,5,-165,-1.99,8070.0,22.2385,19629,157,41,채권,KBSTAR,True,False,True
275750,3,KBSTAR 코스닥150선물인버스,5750,2,195,3.51,5759.0,17.6906,60539,342,40,국내 파생,KBSTAR,True,False,False
412560,2,TIGER KRX BBIG K-뉴딜레버리지,3810,5,-80,-2.06,3880.0,-32.23,13509,52,40,국내 업종/테마,TIGER,False,True,False
217790,2,TIGER 가격조정,19745,3,0,0.0,18800.0,-14.3161,0,0,39,국내 업종/테마,TIGER,False,False,False
314700,2,HANARO 농업융복합산업,11240,5,-275,-2.39,11241.0,-0.6557,8928,100,39,국내 업종/테마,HANARO,False,False,False
301440,2,ARIRANG 코스피중형주,9760,5,-250,-2.5,9795.0,-14.0035,118,1,39,국내 업종/테마,ARIRANG,False,False,False
227560,2,TIGER 200 생활소비재,8470,2,20,0.24,8451.0,-9.4417,2787,23,39,국내 업종/테마,TIGER,False,False,False
244660,2,KODEX 퀄리티Plus,7775,5,-185,-2.32,7761.0,-18.9245,262,2,39,국내 업종/테마,KODEX,False,False,False
333960,2,ARIRANG KS모멘텀가중TR,12280,5,-235,-1.88,12313.0,-14.5443,21,0,37,국내 업종/테마,ARIRANG,False,False,False
291630,3,KOSEF 코스닥150선물레버리지,3445,5,-250,-6.77,3446.0,-33.3634,35566,127,37,국내 파생,KOSEF,False,True,False
306530,3,HANARO 코스닥150선물레버리지,6940,5,-505,-6.78,6924.0,-32.8069,30585,224,36,국내 파생,HANARO,False,True,False
278420,2,ARIRANG ESG우수기업,7900,5,-125,-1.56,7896.0,-9.9529,340,2,36,국내 업종/테마,ARIRANG,False,False,False
284980,2,KBSTAR 200금융,7730,5,-120,-1.53,7724.0,-12.8553,2295,17,36,국내 업종/테마,KBSTAR,False,False,False
157500,2,TIGER 증권,3450,5,-40,-1.15,3447.0,-20.2286,3769,13,35,국내 업종/테마,TIGER,False,False,False
266550,2,ARIRANG 중형주저변동50,9650,5,-215,-2.18,9675.0,-10.5865,83,0,34,국내 업종/테마,ARIRANG,False,False,False
333980,2,ARIRANG KS퀄리티가중TR,12180,5,-95,-0.77,12210.0,-15.2865,36,0,30,국내 업종/테마,ARIRANG,False,False,False
368470,2,KINDEX Fn K-뉴딜디지털플러스,10045,5,-65,-0.64,10033.0,-11.3858,120,1,30,국내 업종/테마,KINDEX,False,False,False
334700,5,KBSTAR 팔라듐선물인버스(H),4820,5,-35,-0.72,4923.0,26.5971,7463,36,29,원자재,KBSTAR,True,False,True
176710,6,파워 중기국고채,95595,3,0,0.0,95605.0,-2.5039,0,0,29,채권,파워,False,False,False
287300,2,KBSTAR 200건설,9405,5,-450,-4.57,9409.0,-20.6586,2593,24,28,국내 업종/테마,KBSTAR,False,False,False
280920,2,ARIRANG 주도업종,7850,5,-175,-2.18,7874.0,-15.4284,86,0,27,국내 업종/테마,ARIRANG,False,False,False
252730,2,KBSTAR 모멘텀로우볼,13035,5,-235,-1.77,13042.0,-13.7696,5,0,26,국내 업종/테마,KBSTAR,False,False,False
309210,2,ARIRANG KRX300헬스케어,8355,3,0,0.0,8423.0,-13.1046,111,0,25,국내 업종/테마,ARIRANG,False,False,False
301400,1,ARIRANG 코스닥150,10390,5,-365,-3.39,10441.0,-17.3138,5095,53,21,국내 시장지수,ARIRANG,False,False,False
315480,2,KBSTAR 200커뮤니케이션서비스,12740,2,85,0.67,12775.0,-23.126,20,0,18,국내 업종/테마,KBSTAR,False,False,False
285020,2,KBSTAR 200철강소재,7285,5,-240,-3.19,7298.0,-14.943,4753,35,17,국내 업종/테마,KBSTAR,False,False,False
252720,2,KBSTAR 모멘텀밸류,11940,5,-220,-1.81,11943.0,-12.1324,51,0,12,국내 업종/테마,KBSTAR,False,False,False
284990,2,KBSTAR 200에너지화학,10570,5,-230,-2.13,10535.0,-1.1442,1033,11,11,국내 업종/테마,KBSTAR,False,False,False
287330,2,KBSTAR 200생활소비재,6405,3,0,0.0,6398.0,-9.3675,39,0,9,국내 업종/테마,KBSTAR,False,False,False
287320,2,KBSTAR 200산업재,10720,5,-280,-2.55,10728.0,-6.5103,244,2,9,국내 업종/테마,KBSTAR,False,False,False
287310,2,KBSTAR 200경기소비재,9030,5,-65,-0.71,9033.0,-4.7046,510,4,7,국내 업종/테마,KBSTAR,False,False,False
